{
  "concordancia": {
    "precision": 0.84375,
    "recall": 0.84375,
    "f1-score": 0.84375,
    "support": 32,
    "confused_with": {
      "negacao": 2,
      "verificar_plano_de_saude": 1
    }
  },
  "cancelar_consulta": {
    "precision": 0.911504424778761,
    "recall": 0.944954128440367,
    "f1-score": 0.9279279279279279,
    "support": 109,
    "confused_with": {
      "remarcar_consulta": 2,
      "iniciar_cadastro": 2
    }
  },
  "verificar_plano_de_saude": {
    "precision": 0.9380530973451328,
    "recall": 0.905982905982906,
    "f1-score": 0.9217391304347826,
    "support": 117,
    "confused_with": {
      "informacoes_sobre_servico": 6,
      "metodo_de_pagamento": 4
    }
  },
  "perguntar_dias_livres": {
    "precision": 0.9396984924623115,
    "recall": 0.9790575916230366,
    "f1-score": 0.958974358974359,
    "support": 191,
    "confused_with": {
      "remarcar_consulta": 1,
      "informacoes_sobre_servico": 1
    }
  },
  "resultado_de_exames": {
    "precision": 1.0,
    "recall": 0.9333333333333333,
    "f1-score": 0.9655172413793104,
    "support": 15,
    "confused_with": {
      "cancelar_consulta": 1
    }
  },
  "saudações": {
    "precision": 0.9696969696969697,
    "recall": 0.8888888888888888,
    "f1-score": 0.927536231884058,
    "support": 36,
    "confused_with": {
      "concordancia": 2,
      "perguntar_dias_livres": 1
    }
  },
  "duvida": {
    "precision": 1.0,
    "recall": 0.7142857142857143,
    "f1-score": 0.8333333333333333,
    "support": 7,
    "confused_with": {
      "cancelar_consulta": 2
    }
  },
  "marcar_consulta": {
    "precision": 0.8817204301075269,
    "recall": 0.9425287356321839,
    "f1-score": 0.9111111111111111,
    "support": 87,
    "confused_with": {
      "preco_consulta": 3,
      "cancelar_consulta": 1
    }
  },
  "provide_feedback": {
    "precision": 1.0,
    "recall": 1.0,
    "f1-score": 1.0,
    "support": 5,
    "confused_with": {}
  },
  "remarcar_consulta": {
    "precision": 0.9695121951219512,
    "recall": 0.9814814814814815,
    "f1-score": 0.9754601226993865,
    "support": 162,
    "confused_with": {
      "verificar_plano_de_saude": 1,
      "marcar_consulta": 1
    }
  },
  "metodo_de_pagamento": {
    "precision": 0.976027397260274,
    "recall": 0.9437086092715232,
    "f1-score": 0.9595959595959596,
    "support": 302,
    "confused_with": {
      "informacoes_sobre_servico": 5,
      "verificar_plano_de_saude": 4
    }
  },
  "checar_disponibilidade": {
    "precision": 1.0,
    "recall": 0.9243697478991597,
    "f1-score": 0.9606986899563319,
    "support": 238,
    "confused_with": {
      "perguntar_dias_livres": 7,
      "marcar_consulta": 4
    }
  },
  "informacoes_sobre_servico": {
    "precision": 0.8279569892473119,
    "recall": 0.9871794871794872,
    "f1-score": 0.9005847953216375,
    "support": 78,
    "confused_with": {
      "perguntar_dias_livres": 1
    }
  },
  "saber_local_de_atendimento": {
    "precision": 0.9823008849557522,
    "recall": 0.9910714285714286,
    "f1-score": 0.9866666666666667,
    "support": 112,
    "confused_with": {
      "preco_consulta": 1
    }
  },
  "iniciar_cadastro": {
    "precision": 0.9541284403669725,
    "recall": 0.9369369369369369,
    "f1-score": 0.9454545454545454,
    "support": 111,
    "confused_with": {
      "marcar_consulta": 2,
      "preco_consulta": 2
    }
  },
  "solicitar_atestado": {
    "precision": 1.0,
    "recall": 1.0,
    "f1-score": 1.0,
    "support": 15,
    "confused_with": {}
  },
  "preco_consulta": {
    "precision": 0.8904109589041096,
    "recall": 0.9154929577464789,
    "f1-score": 0.9027777777777778,
    "support": 71,
    "confused_with": {
      "informacoes_sobre_servico": 2,
      "cancelar_consulta": 1
    }
  },
  "negacao": {
    "precision": 0.8717948717948718,
    "recall": 0.918918918918919,
    "f1-score": 0.8947368421052632,
    "support": 37,
    "confused_with": {
      "cancelar_consulta": 1,
      "concordancia": 1
    }
  },
  "solicitar_receita": {
    "precision": 0.8666666666666667,
    "recall": 0.8666666666666667,
    "f1-score": 0.8666666666666667,
    "support": 15,
    "confused_with": {
      "verificar_plano_de_saude": 1,
      "marcar_consulta": 1
    }
  },
  "accuracy": 0.9448275862068966,
  "macro avg": {
    "precision": 0.9380643062478218,
    "recall": 0.9272951333083427,
    "f1-score": 0.9306595474362694,
    "support": 1740
  },
  "weighted avg": {
    "precision": 0.947132651814392,
    "recall": 0.9448275862068966,
    "f1-score": 0.9451119634769226,
    "support": 1740
  },
  "micro avg": {
    "precision": 0.9448275862068966,
    "recall": 0.9448275862068966,
    "f1-score": 0.9448275862068966,
    "support": 1740
  }
}